{"errors":[],"warnings":[],"namedChunkGroups":{"polyfill":{"chunks":[4,0,10],"assets":["webpack-runtime-514deee01a976490a2bf.js","webpack-runtime-514deee01a976490a2bf.js.map","commons-8cdd84cfceb6423fd1f5.js","commons-8cdd84cfceb6423fd1f5.js.map","polyfill-8c3d809f4c1c6b412000.js","polyfill-8c3d809f4c1c6b412000.js.map"],"children":{},"childAssets":{}},"app":{"chunks":[4,9,5],"assets":["webpack-runtime-514deee01a976490a2bf.js","webpack-runtime-514deee01a976490a2bf.js.map","framework-741ade27086b2708e961.js","framework-741ade27086b2708e961.js.map","app-9efe6d131ca1496ce20d.js","app-9efe6d131ca1496ce20d.js.map"],"children":{},"childAssets":{}},"component---src-pages-404-js":{"chunks":[3,2,1,0,6],"assets":["styles.515d59e89ec8b48bf90a.css","styles-474c0340beb1ced255f1.js","styles-474c0340beb1ced255f1.js.map","cb1608f2-a65ebaf339ed7a948391.js","cb1608f2-a65ebaf339ed7a948391.js.map","a9a7754c-9028c82bb81a80231f56.js","a9a7754c-9028c82bb81a80231f56.js.map","commons-8cdd84cfceb6423fd1f5.js","commons-8cdd84cfceb6423fd1f5.js.map","component---src-pages-404-js-b437df33cf17a9ec2dc3.js","component---src-pages-404-js-b437df33cf17a9ec2dc3.js.map"],"children":{},"childAssets":{}},"component---src-pages-index-js":{"chunks":[3,2,1,0,7],"assets":["styles.515d59e89ec8b48bf90a.css","styles-474c0340beb1ced255f1.js","styles-474c0340beb1ced255f1.js.map","cb1608f2-a65ebaf339ed7a948391.js","cb1608f2-a65ebaf339ed7a948391.js.map","a9a7754c-9028c82bb81a80231f56.js","a9a7754c-9028c82bb81a80231f56.js.map","commons-8cdd84cfceb6423fd1f5.js","commons-8cdd84cfceb6423fd1f5.js.map","component---src-pages-index-js-d2d4c42d49f5f1c7bd09.js","component---src-pages-index-js-d2d4c42d49f5f1c7bd09.js.map"],"children":{},"childAssets":{}},"component---src-pages-projects-js":{"chunks":[3,2,1,0,8],"assets":["styles.515d59e89ec8b48bf90a.css","styles-474c0340beb1ced255f1.js","styles-474c0340beb1ced255f1.js.map","cb1608f2-a65ebaf339ed7a948391.js","cb1608f2-a65ebaf339ed7a948391.js.map","a9a7754c-9028c82bb81a80231f56.js","a9a7754c-9028c82bb81a80231f56.js.map","commons-8cdd84cfceb6423fd1f5.js","commons-8cdd84cfceb6423fd1f5.js.map","component---src-pages-projects-js-6c91502f4b469ce98dfc.js","component---src-pages-projects-js-6c91502f4b469ce98dfc.js.map"],"children":{},"childAssets":{}}},"assetsByChunkName":{"polyfill":["webpack-runtime-514deee01a976490a2bf.js","commons-8cdd84cfceb6423fd1f5.js","polyfill-8c3d809f4c1c6b412000.js"],"app":["webpack-runtime-514deee01a976490a2bf.js","framework-741ade27086b2708e961.js","app-9efe6d131ca1496ce20d.js"],"component---src-pages-404-js":["styles.515d59e89ec8b48bf90a.css","styles-474c0340beb1ced255f1.js","cb1608f2-a65ebaf339ed7a948391.js","a9a7754c-9028c82bb81a80231f56.js","commons-8cdd84cfceb6423fd1f5.js","component---src-pages-404-js-b437df33cf17a9ec2dc3.js"],"component---src-pages-index-js":["styles.515d59e89ec8b48bf90a.css","styles-474c0340beb1ced255f1.js","cb1608f2-a65ebaf339ed7a948391.js","a9a7754c-9028c82bb81a80231f56.js","commons-8cdd84cfceb6423fd1f5.js","component---src-pages-index-js-d2d4c42d49f5f1c7bd09.js"],"component---src-pages-projects-js":["styles.515d59e89ec8b48bf90a.css","styles-474c0340beb1ced255f1.js","cb1608f2-a65ebaf339ed7a948391.js","a9a7754c-9028c82bb81a80231f56.js","commons-8cdd84cfceb6423fd1f5.js","component---src-pages-projects-js-6c91502f4b469ce98dfc.js"]}}